许,依然,$$..
章,飘絮,*$$*
柳,诗雨,..$$..
常,沛儿,($$)
尹,漫漫,)$$(
庞,璇,$$!
危,诗音,$$``
霍,纤雪,$$~
邓,墨染,$$__
翁,烟如,$$_
巫,月,$$==
宫,云,$$
韶,瑶,$$
蒙,碧瑶,$$
红,芷兮,$$
关,萱,$$
丰,倩,$$
须,俊熙,$$
师,嘉逸,$$
融,嘉怡,$$
敖,煜祺,$$
勾,昊然,$$
晁,鸿煜,$$
聂,杰,$$
厍,翰林,$$
巩,浩然,$$
隆,子默,$$
夔,嘉熙,$$
越,若依,$$
蔚,可欣,$$
利,芷萱,$$
沃,巧儿,$$
殳,梨落,$$
殴,悠然,$$
东,紫莹,$$
阙,灵儿,$$
禄,琪菲,$$
韶,水芸,$$
蒙,落尘,$$
堵,烨,$$
农,潇,$$
慎,诗琪,$$
朱,舒婷,$$
柏,毓琉,$$
俞,语嫣,$$
郝,逸尘,$$
和,辰逸,$$
谈,晟睿,$$
贾,文博,$$
樊,逸轩,$$
丁,燕,$$
裴,尘,$$
井,天,$$
秋,狂,$$
叶,淼淼,$$
卓,傲天,$$
姬,慕寒,$$
郏,修奇,$$
向,嘉,$$
王,飞,$$
华,慕言,$$
郎,傲雪,$$
薛,清寒,$$
康,子辰,$$
狄,子灏,$$
粱,星痕,$$
刁,流云,$$
莫,安,$$
石,佳期,$$
封,书淮,$$
谷,贝儿,$$
戎,秋生,$$
怀,长苏,$$
双,家明,$$
桂,文州,$$
充,少天,$$
施,新杰,$$
高,翔,$$
阎,阳,$$
曹,靖,$$
冯,文清,$$
毕,云秀,$$
甄,妍琦,$$
邵,名,$$
顾,影,$$
白,容若,$$
曲,逍遥,$$
韩,君卿,$$
郭,君清,$$
戚,晟轩,$$
安,弄月,$$
芮,弄影,$$
卜,晋,$$
辛,熙,$$
谢,澈,$$
伊,想容,$$
杨,沐梓,$$
唐,子尧,$$
李,紫苏,$$
祁,子殊,$$
卫,君乾,$$
刑,倾宇,$$
陆,长留,$$
潘,清池,$$
解,战,$$
竹,明朗,$$
贺,澜渊,$$
熬,篱,$$
余,辞,$$
汤,雅芙,
栾,歆瑶,
仇,凌菲,
宁,美琳,
黄,雨嘉,
齐,可儿,
倪,可馨,
宣,夜华,
蓝,轻尘,
百里,若鸿,
北堂,谦,
北野,凛,
淳于,远之,
陈生,雨臣,
端木,晴川,
东方,沥川,
东郭,羽,
东野,少羽,
东门,默,
公孙,小楼,
公冶,衍,
公良,天宇,
公西,重华,
公孟,碧落,
皇甫,薇薇,
梁丘,凌,
闾丘,桑陌,
洛阳,臻,
陵尹,磊,
南宫,启坤,
南郭,茹雪,
欧阳,梦瑶,
濮阳,龙,
青阳,傲,
亓官,飞扬,
壤驷,书影,
上官,墨锦,
少室,少白,
少叔,宁远,
司徒,十一,
司马,英朗,
司迁,文彦,
司空,云流,
司寇,宁,
士孙,江,
申屠,白,
澹台,美,
太史,丽,
太叔,沁,
太公,嘉文,
闻人,佳雯,
巫马,破军,
微生,贪狼,
王孙,文曲,
夏侯,嘉云,
西门,初夏,
鲜于,怜,
轩辕,惜,
相里,芷蝶,
乐正,芮静,
延陵,空明,
诸葛,从云,
颛孙,风,
仲孙,云海,
仲长,平之,
钟离,颜,
宗政,乐,
单于,霜,
叱利,正,
独孤,文山,
赫连,文彦,
呼延,知琴,
贺兰,知棋,
夹谷,知书,
吉胡,知画,
令狐,宽,
慕容,书豪,
万俟,天阳,
纳兰,辞,
拓跋,丹青,
完颜,屠苏,
宇文,沧冥,
尉迟,无异,
耶律,琅琊,
长孙,红袖,
常夏,景天,
郁,琴,
甄,棋,
耿,书,
闻,画,
鹿,墨,
柳,末,
硫,莫,
,魔,
,苏豪,
,苏,
,素,
,速,
,宿,
,肃,
,溯,
,凤,
,枫,
,半世,
,烟尘,
,落梅,
,似雪,
,冷月,
,花魂,
,平湖,
,秋月,
,蝶恋,
,忆回,
,秋水,
,伊人,
,断桥,
,残雪,
,风动,
,铃心,
,伊人,
,已逝,
,望断,
,秋水,
,似水,
,流年,
,如花,
,美眷,
,落晚,
,芳菲,
,沧山,
,映水,
,上善,
,若水,
,匠心,
,独运,
,倾国,
,倾城,
,天香,
,国色,
,浑然,
,一体,
,如梦,
,如幻,
,风华,
,绝代,
,繁华,
,落尽,
,寂寞,
,如烟,
,独坐,
,如莲,
,清风,
,有情,
,明月,
,可鉴,
,落花,
,有情,
,流水,
,可懂,
,流星,
,有情,
,星空,
,可睹,
,平生,
,阑珊,
,红颜,
,有梦,
,陌上,
,花开,
,弦断,
,花落,
,似水,
,流年,
,物是,
,人非,
,昔云,
,楚楚,
,紫燕,
,悠悠,
,在水,
,一方,
,雪殇,
,若兮,
,燕笑,
,语兮,
,清风,
,扶柳,
,夕颜,
,若雪,
,笑若,
,扶风,
,凭兰,
,秋思,
,素兮,
,饶眉,
,雨夜,
,聆风,
,月舞,
,神殇,
,似水,
,流年,
,此去,
,经年,
,烟雨,
,宛如,
,红袖,
,飞泉,
,鸣玉,
,曾经,
,沧海,
,谁堪,
,共语,
,古道,
,西风,
,流荆,
,默望,
,往事,
,如烟,
,静水,
,流深,
,相濡,
,以沫,
,笑靥,
,如花,
,花开,
,堪折,
,浮生,
,若梦,
,情非,
,得已,
,思绪,
,万千,
,豆寇,
,年华,
,地老,
,天荒,
,曲终,
,人散,
,沧海,
,桑田,
,柒指,
,流年,
,灯火,
,与子,
,偕老,
,过眼,
,云烟,
,生如,
,夏花,
,尘埃,
,落定,
,彼岸,
,流年,
,莫矢,
,莫忘,
,荷残,
,香冷,
,浮生,
,若梦,
,清幽,
,茶语,
,落樱,
,飞雪,
,浣花,
,青藤,
,梦萦,
,忆碎,
,流风,
,回雪,
,梦破,
,忆回,
,丹青,
,蝶恋,
,忆回,
,倾世,
,如歌,
,水墨,
,夏醉,
,浅梦,
,浅凝,
,夏烟,
,浅墨,
,泼夏,
,浅渊,
,夏觞,
,夏浅,
,话残,
,凝眸,
,浅夏,
,紫夏,
,廖浅,
,霏夏,
,浅嫣,
,彼岸,
,花开,
,枫叶,
,流丹,
,生如,
,夏花,
,青城,
,之恋,
,云淡,
,风轻,
,天淡,
,云闲,
,霞蔚,
,云蒸,
,水流,
,云散,
,风熏,
,一世,
,蹉跎,
,夜半,
,饮雨,
,醉释,
,浮屠,
,孤舟,
,停泊,
,五更,
,凋落,
,半抹,
,灯花,
,斜雨,
,竹林,
,轻舟,
,送远,
,流年,
,渐渐,
,孑然,
,凭栏,
,几叶,
,霜枫,
,熏风,
,满帘,
,茶水,
,微热,
,烛影,
,扰人,
,浊酒,
,倾觞,
,雪落,
,苍茫,
,阑珊,
,烟阙,
,彼岸,
,天寂,
,璇玑,
,封雪,
,毓离,
,羽儭,
,赤炼,
,承影,
,碧霄,
,绛颜,
,玉盏,
,绯殇,
,绯羽,
,绯墨,
,璃绯,
,浮岚,
,染火,
,枫林,
,琼壶,
,歌月,
,长歌,
,倚楼,
,韶光,
,扶桑,
,参商,
,步步,
,生莲,
,琅琊,
,湮灭,
,朱砂,
,悱恻,
,明夕,
,何夕,
,凝眸,
,笙歌,
,羁旅,
,荼靡,
,消魂,
,锦瑟,
,醉卧,
,繁芜,
