Trustful 	Mandel	$$..
Honesty 	Paul	*$$*
Purposeful 	Ansel	..$$..
Generous 	Atwood	($$)
Coward 	Claude	)$$(
Intelligent 	Alva	$$!
Loyal 	Sid	$$``
Rational 	Philip	$$~
Cozy 	Mark	$$__
Jump-up 	Stanley	$$_
Just 	Sampson	$$==
Rational 	Werner	$$
Punctual 	Ron	$$
Inventive 	Cash	$$
Purposeful 	Sean	$$
Orderly 	Alston	$$
Qualified 	Myron	$$
Adaptable 	Morton	$$
Cunning 	Hilary	$$
Efficient 	Armand	$$
Amiable 	Eric	$$
Loyal 	Quincy	$$
Precise 	Gabriel	$$
Dynamic 	Elmer	$$
Coward 	Roderick	$$
Dutiful 	Nicholas	$$
Frugal 	Julius	$$
Aspiring 	Lionel	$$
Honest 	Norton	$$
Cozy 	Hale	$$
Crude 	Reuben	$$
Lovely 	Nathan	$$
Dynamic 	Stanford	$$
Reasonable 	Yale	$$
Unholiness 	Harry	$$
Capable 	Andrew	$$
Blinkered 	Sidney	$$
Precise 	Kennedy	$$
Romantic 	Timothy	$$
Good 	Clarence	$$
Initiative 	Upton	$$
Ambitious 	Philip	$$
Humble 	Ingemar	$$
Realistic 	Fabian	$$
Painstaking 	Mick	$$
Rational 	August	$$
Orderly 	Kevin	$$
Rapture 	Quintion	$$
Earnest 	Abraham	$$
Good 	Antonio	$$
Corrupt 	Ian	$$
Faceless 	Egbert	$$
Dynamic 	Aubrey	$$
Devoted 	Zachary	$$
Generous 	Jeff	$$
Ambitious 	Tobias	$$
Hateful 	Quintion	$$
Generous 	Kirk	$$
Clever 	Ken	$$
Forceful 	Hyman	$$
Lovely 	Leo	$$
Forceful 	Richard	$$
Coward 	Ferdinand	$$
Radient 	Alan	$$
Humble 	Arthur	$$
Honesty 	Kevin	$$
Frank 	Kent	$$
Humor 	Ronald	$$
Responsible 	King	$$
Violent 	Webb	$$
Modest 	Virgil	$$
Honesty 	Stev	$$
Qualified 	Marico	$$
Active 	Philip	$$
Capable 	Mick	$$
Honest 	Adam	$$
Rapture 	Leopold	$$
Brutal 	Abner	$$
Realistic 	Tony	$$
Honey 	Yale	$$
Precise 	Carr	$$
Helpful 	Max	$$
Liberal 	Phil	$$
Blinkered 	Armand	$$
Initiative 	Colby	$$
Beautiful 	Elton	$$
Humble 	Gavin	$$
Coward 	Jared	$$
Competent 	Webb	$$
Coward 	Sebastian	$$
Frank 	Steven	$$
Radient 	Lewis	$$
Radient 	Hogan	$$
Adroit 	Orville	$$
Reasonable 	Jack	$$
Honey 	Antoine	$$
Dependable 	Edgar	$$
Orderly 	Mike	$$
Coward 	Ashbur	$$
Efficient 	Alan	$$
Brutal 	Asa	$$
Creative 	Heather	$$
Dependable 	Yves	$$
Diplomatic 	Len	$$
Candid 	Ted	$$
Dedicated 	Tony	$$
Hospitable 	Larry	$$
Corrupt 	Abner	$$
Lovely 	Tyler	$$
Violent 	Tyler	
Hearty 	Isaac	
Amiable 	George	
Brutal 	Frank	
Hateful 	Arvin	
Punctual 	William	
Humble 	Walter	
Able 	Thomas	
Jump-up 	Jacob	
Hospitable 	Joyce	
Hearty 	Oliver	
Precise 	Stan	
Active 	Wilbur	
Beautiful 	Xavier	
Gentle 	Sam	
Rapture 	Howar	
Cynical 	Julius	
Active 	Silvester	
Dashing 	Kerr	
Forceful 	Yehudi	
Honesty 	Rudolf	
Brutal 	Mortimer	
Inventive 	Tom	
Competent 	Magee	
Cynical 	Wayne	
Just 	Norton	
Honey 	Kelly	
Aggressive 	Jared	
Evil 	Marshall	
Ambitious 	Nick	
Cynical 	Andy	
Discreet 	Rupert	
Brave 	Jonas	
Methodical 	Abner	
Logical 	Conrad	
Careless 	Edmund	
Dutiful 	Earl	
Expressive 	Arvin	
Honest 	Sebastian	
Logical 	Prescott	
Aspiring 	Chasel	
Rapture 	Larry	
Humorous 	Kerwin	
Honey 	Abel	
Qualified 	Jack	
Coward 	Quinn	
Original 	Kim	
Initiative 	Mark	
Creative 	Louis	
Good 	Wendell	
Objective 	Hugh	
Crappy 	Wythe	
Dishonest 	Julius	
Audacious 	Mark	
Painstaking 	Kerr	
Hearty 	Luther	
Amicable 	Dwight	
Responsible 	Noah	
Humble 	Drew	
Charitable 	Lyle	
Beautiful 	Todd	
Precise 	Raymond	
Modest 	Francis	
Genteel 	Winston	
Expressive 	Haley	
Forceful 	Levi	
Crummy 	Roy	
Romantic 	Mick	
Cunning 	Hogan	
Generous 	Hayden	
Violent 	Abel	
Alert 	Virgil	
Motivated 	Carl	
Careless 	Herman	
Cuckoo 	Tom	
Romantic 	Uriah	
Dependable 	Nick	
Ingenious 	Carl	
Diplomatic 	Gene	
Radient 	Ford	
Cuckoo 	Yehudi	
Adroit 	Nat	
Humble 	Christian	
Crummy 	Montague	
Aggressive 	Drew	
Persevering 	Chad	
Modest 	Sam	
Punctual 	Adolph	
Genteel 	Abel	
Faceless 	Phil	
Crusty 	Clarence	
Crappy 	Isaac	
Dutiful 	Stanley	
Clever 	Edgar	
Aspiring 	Tiffany	
Charitable 	Ford	
Brutal 	Tiffany	
Purposeful 	Wayne	
Forceful 	Lennon	
Reasonable 	Gary	
Frank 	Aaron	
Cozy 	Lucien	
Greedy 	Randolph	
Hearty 	Wilbur	
Adroit 	Sandy	
Candid 	Kenneth	
Nice 	Gabriel	
Dishonest 	Tab	
Greedy 	Dylan	
Honesty 	Fabian	
Diplomatic 	Kim	
Punctual 	Newman	
Energetic 	Robert	
Blinkered 	Robin	
Dashing 	Armand	
Inventive 	Sam	
Modest 	Archer	
Lovely 	Joyce	
Humor 	Isidore	
Liberal 	Chester	
Energetic 	Kerr	
Capable 	Alvin	
Helpful 	Isaac	
Rapture 	Franklin	
Trustful 	Lyle	
Dependable 	Leo	
Honey 	Fitch	
Dynamic 	Wright	
Hearty 	Claude	
Practical 	Wythe	
Frank 	Donald	
Generous 	Morgan	
Rapture 	Alger	
Good 	Herman	
Faceless 	Victor	
Hearty 	Levi	
Nice 	Elton	
Crappy 	Stan	
Jump-up 	Sean	
Initiative 	Alger	
Genteel 	Wilbur	
Rational 	Rodney	
Amicable 	Wilbur	
Liberal 	Adair	
Active 	Jonathan	
Responsible 	Ed	
Realistic 	Sean	
Faceless 	Milo	
Gentle 	Kevin	
Frugal 	John	
Generous 	Duncan	
Punctual 	Ahern	
Beautiful 	Kevin	
Cruel 	Rachel	
Crummy 	Ahern	
Trustful 	Reg	
Amiable 	Henry	
Romantic 	Warner	
Crude 	Egbert	
Honesty 	Harriet	
Delicious 	Harlan	
Hearty 	Woodrow	
Discreet 	Jerome	
Original 	Woodrow	
Orderly 	Everley	
Dutiful 	Tom	
Humor 	Ziv	
Helpful 	Myron	
Frank 	Jo	
Competent 	Atwood	
Competent 	Donald	
Logical 	Magee	
Crusty 	Elvis	
Punctual 	Gale	
Forceful 	Quennel	
Crazy 	Jim	
Critical 	Webb	
Audacious 	Vivian	
Frank 	Arlen	
Amicable 	Armand	
Good 	Malcolm	
Rapture 	Oliver	
Blinkered 	Jason	
Candid 	Nicholas	
Careful 	Quincy	
Trustful 	Hardy	
Painstaking 	Amos	
Reasonable 	Todd	
Motivated 	Sid	
Learned 	Humphrey	
Devoted 	Miles	
Corrupt 	Joshua	
Dutiful 	Ahern	
Independent 	Carl	
Aspiring 	Alva	
Trustful 	Maurice	
Dutiful 	Theobald	
Hateful 	Marvin	
Able 	Franklin	
Frank 	Luther	
Rapture 	King	
Jump-up 	Alvin	
Radient 	Drew	
Critical 	Sampson	
Impartial 	Murphy	
Adaptable 	Toby	
Earnest 	Harvey	
Analytical 	Quinn	
Genteel 	Tracy	
Hospitable 	Regan	
Evil 	Edward	
Good 	Antoine	
Generous 	Levi	
Romantic 	Myron	
Violent 	Sean	
Nice 	Hunter	
Beautiful 	Wythe	
Audacious 	Kyle	
Energetic 	Evan	
Efficient 	Hale	
Practical 	Marvin	
Loyal 	Isidore	
Audacious 	Virgil	
Modest 	Walter	
Crazy 	Harley	
Violent 	Les	
Violent 	Howar	
Helpful 	Eden	
Earnest 	Henry	
Loyal 	Sidon	
Capable 	Ivan	
Generous 	Page	
Rapture 	Harriet	
Blinkered 	Edwiin	
Friendly 	Michell	
Crusty 	Lewis	
Crude 	Ian	
Liberal 	Alston	
Radient 	Jay	
Lovely 	Ernest	
Genteel 	Marico	
Capable 	Joshua	
Generous 	Everley	
Romantic 	Lyle	
Friendly 	Michael	
Cunning 	Tim	
Helpful 	Ternence	
Brave 	Ziv	
Honest 	Fitch	
Crappy 	Jo	
Discreet 	Michell	
Lovely 	Jeffrey	
Hearty 	Page	
Learned 	Paul	
Honey 	Jacob	
Learned 	James	
Orderly 	Jared	
Dutiful 	Enoch	
Modest 	Addison	
Independent 	Eric	
Expressive 	Scott	
Able 	Edmund	
Alert 	Valentine	
Creative 	Page	
Dedicated 	Quincy	
Forceful 	Hale	
Crusty 	Lawrence	
Precise 	Duncan	
Capable 	Saxon	
Active 	Sean	
Independent 	Omar	
Coward 	Orville	
Jump-up 	Quincy	
Evil 	Abbott	
Delicious 	Peter	
Brave 	Algernon	
Jump-up 	Chasel	
Efficient 	Nathan	
Dutiful 	Yves	
Trustful 	Ralap	
Punctual 	Stan	
Clever 	Quennel	
Genteel 	Marlon	
Crude 	Albert	
Hearty 	Kevin	
Earnest 	Phil	
Adroit 	Chad	
Reasonable 	Jay	
Competent 	Tyler	
Devoted 	Julian	
Logical 	Duncan	
Expressive 	Harry	
Romantic 	Pete	
Liberal 	Wythe	
Dedicated 	Ian	
Loyal 	Ziv	
Hateful 	Wilbur	
Dynamic 	Aaron	
Audacious 	Murray	
Evil 	Ferdinand	
Candid 	Justin	
Cuckoo 	Douglas	
Active 	Ziv	
Cooperative 	Matt	
Efficient 	Andy	
Amicable 	Lyle	
Loyal 	Leopold	
Cozy 	Todd	
Learned 	Clyde	
Capable 	Payne	
Active 	Page	
Brutal 	Willie	
Generous 	Robin	
Audacious 	Myron	
Cozy 	Gale	
Ambitious 	Merlin	
Earnest 	Duke	
Logical 	Ogden	
Generous 	James	
Ambitious 	Harley	
Impartial 	Arthur	
Romantic 	Philip	
Good 	Ken	
Modest 	Gary	
Orderly 	Orville	
Learned 	Omar	
Methodical 	Fitch	
Crude 	Merlin	
Creative 	Henry	
Aspiring 	Hunter	
Nice 	Duke	
Dishonest 	Rodney	
Cuckoo 	Saxon	
Logical 	Lance	
Adaptable 	Duke	
Helpful 	Malcolm	
Frugal 	Ronald	
Honest 	Tyler	
Friendly 	Arlen	
Discreet 	Clark	
Faithful 	Gilbert	
Genteel 	Antoine	
Cynical 	Stanford	
Inventive 	Quinn	
Ambitious 	Tim	
Rapture 	Primo	
Devoted 	Jeffrey	
Independent 	Ron	
Capable 	Gene	
Practical 	Nat	
Discreet 	Jared	
Corrupt 	Webb	
Beautiful 	Norton	
Efficient 	Ted	
Crusty 	Abbott	
Honey 	Ulysses	
Energetic 	Tobias	
Honesty 	Truman	
Honey 	Kim	
Careful 	Ingram	
Trustful 	Myron	
Trustful 	Taylor	
Dishonest 	Kerwin	
Candid 	Jerry	
Generous 	Clare	
Learned 	Leopold	
Frank 	Chad	
Realistic 	Noel	
Realistic 	Rudolf	
Greedy 	Miles	
Frank 	Kenneth	
Candid 	Donahue	
Methodical 	Eric	
Hearty 	Les	
Critical 	Ronald	
Hearty 	Hugo	
Helpful 	Claude	
Objective 	Nat	
Active 	Andrew	
Romantic 	Everley	
Evil 	Aaron	
Just 	Moore	
Qualified 	Tom	
Helpful 	Elmer	
Brutal 	Kyle	
Lovely 	Orville	
Apprehensive 	Reg	
Realistic 	Larry	
Clever 	Eli	
Crappy 	Alan	
Crude 	Rex	
Rapture 	Prescott	
Efficient 	Rudolf	
Liberal 	Antony	
Nice 	Arvin	
Discreet 	Rock	
Brutal 	Theodore	
Loyal 	Sebastian	
Helpful 	Hobart	
Motivated 	Alston	
Trustful 	Abraham	
Honest 	Yale	
Hateful 	Spencer	
Candid 	Charles	
Impartial 	Marvin	
Diplomatic 	Rock	
Generous 	Elliot	
Painstaking 	Rod	
Rational 	King	
Crappy 	Claude	
Liberal 	Mark	
Persevering 	Leo	
Romantic 	Geoff	
Good 	Hunter	
Aspiring 	Everley	
Brutal 	Donald	
Generous 	Payne	
Frugal 	Kerr	
Corrupt 	Phil	
Cunning 	John	
Confident 	Jason	
Active 	Nathaniel	
Clever 	Willie	
Nice 	Leopold	
Honest 	Allen	
Expressive 	Joyce	
Efficient 	Taylor	
Devoted 	Henry	
Hearty 	Roy	
Jump-up 	Robin	
Careless 	Gale	
Dedicated 	Lance	
Cozy 	Spencer	
Romantic 	Nathan	
Painstaking 	Yves	
Able 	Dunn	
Original 	Noel	
Aspiring 	Kirk	
Realistic 	Monroe	
Realistic 	Yale	
Methodical 	Kyle	
Critical 	Arnold	
Hearty 	Colbert	
Crude 	Ivan	
Honesty 	August	
Crappy 	Elliot	
Friendly 	Porter	
Cunning 	Donald	
Candid 	Harry	
Faceless 	Merle	
Cruel 	Howar	
Frugal 	Vito	
Persevering 	Rod	
Precise 	Simon	
Crusty 	Webb	
Romantic 	Lance	
Coward 	Vic	
Precise 	Wilbur	
Violent 	Kevin	
Frank 	Levi	
Aspiring 	Sidney	
Gentle 	Werner	
Lovely 	Dwight	
Hearty 	Martin	
Crappy 	Henry	
Generous 	Abraham	
Gentle 	Gary	
Friendly 	Claude	
Cunning 	Donahue	
Greedy 	Albert	
Cruel 	Joshua	
Loyal 	Addison	
Crazy 	Nicholas	
Nice 	Levi	
Adroit 	Abel	
Friendly 	Lennon	
Gentle 	Colin	
Loyal 	Quintion	
Practical 	Jerry	
Hateful 	Quincy	
Competent 	Lewis	
Crummy 	Merlin	
Romantic 	Lionel	
Honey 	Vic	
Punctual 	Edison	
Critical 	Tobias	
Ingenious 	Merle	
Cunning 	Vincent	
Honest 	Carr	
Orderly 	August	
Crusty 	Jason	
Cruel 	Wendell	
Dishonest 	Carter	
Liberal 	Harlan	
Brutal 	Vito	
Punctual 	Jeff	
Qualified 	Rodney	
Violent 	Meredith	
Competent 	Elroy	
Beautiful 	Ken	
Crude 	Elliot	
Reasonable 	Paul	
Dedicated 	George	
Evil 	Jonas	
Audacious 	Ives	
Humorous 	Carter	
Crazy 	Quincy	
Violent 	Stev	
Capable 	Earl	
Loyal 	Ron	
Faceless 	Marsh	
Just 	Hale	
Dashing 	Kent	
Hateful 	Ashbur	
Careful 	Gabriel	
Good 	Mike	
Alert 	Algernon	
Competent 	Aaron	
Responsible 	Ken	
Evil 	Joshua	
Critical 	Jim	
Dutiful 	Ziv	
Energetic 	Thomas	
Violent 	Paddy	
Amicable 	Truman	
Ambitious 	Gavin	
Alert 	Isidore	
Confident 	Lionel	
Crappy 	Aldrich	
Efficient 	Reuben	
Adroit 	Elton	
Cozy 	Julian	
Unholiness 	Mark	
Beautiful 	Hiram	
Cuckoo 	Charles	
Initiative 	Jesse	
Dutiful 	Lyndon	
Motivated 	Jack	
Independent 	Gene	
Forceful 	Jacob	
Aggressive 	Isaac	
Motivated 	Mandel	
Evil 	Leopold	
Hearty 	Kirk	
Brutal 	Orville	
Qualified 	Antony	
Frank 	Hyman	
Generous 	Chad	
Methodical 	Rex	
Romantic 	Rory	
Liberal 	Zebulon	
Honesty 	Cliff	
Crude 	Hunter	
Devoted 	Adair	
Honest 	Franklin	
Generous 	Louis	
Creative 	Morton	
Modest 	Luther	
Humble 	Adonis	
Liberal 	Tiffany	
Devoted 	Ogden	
Candid 	Marcus	
Ambitious 	Aaron	
Liberal 	Walker	
Cruel 	Jared	
Corrupt 	Thomas	
Devoted 	Hugo	
Adroit 	Sidney	
Evil 	Alva	
Precise 	Kenneth	
Aggressive 	Perry	
Audacious 	Gene	
Good 	Carl	
Loyal 	Gary	
Dependable 	Lewis	
Dashing 	Porter	
Painstaking 	Earl	
Gentle 	Truman	
Candid 	Clark	
Realistic 	Saxon	
Modest 	Philip	
Frank 	Algernon	
Honey 	Enoch	
Greedy 	Clarence	
Rational 	Vito	
Romantic 	Richard	
Crappy 	Eli	
Careful 	Rod	
Expressive 	Rex	
Just 	Douglas	
Adroit 	Porter	
Realistic 	Claude	
Initiative 	Clark	
Punctual 	Adonis	
Romantic 	Roy	
Dynamic 	Claude	
Ambitious 	Warner	
Devoted 	Morton	
Adaptable 	Edison	
Dynamic 	Upton	
Independent 	Jay	
Reasonable 	Rex	
Genteel 	August	
Efficient 	Adam	
Radient 	Tyler	
Frugal 	Philip	
Active 	Larry	
Frank 	Edison	
Impartial 	Arlen	
Crusty 	Truman	
Original 	Kelly	
Candid 	Roderick	
Dishonest 	Harley	
Crappy 	Theobald	
Cooperative 	Drew	
Initiative 	Mick	
Cozy 	Wright	
Hearty 	Patrick	
Hateful 	Stanley	
Ingenious 	Henry	
Motivated 	Colby	
Active 	Nicholas	
Delicious 	Truman	
Modest 	August	
Crummy 	Harold	
Competent 	Abner	
Active 	Adair	
Radient 	Quincy	
Motivated 	Kevin	
Motivated 	Nat	
Inventive 	Isaac	
Honey 	Paddy	
Rapture 	Sandy	
Lovely 	Chad	
Initiative 	Clyde	
Diplomatic 	Ken	
Honest 	Drew	
Romantic 	Marcus	
Purposeful 	Ahern	
Cozy 	Rachel	
Cuckoo 	Allen	
Gentle 	Larry	
Loyal 	Cash	
Dedicated 	Justin	
Cozy 	Solomon	
Motivated 	Xavier	
Hateful 	Wendell	
Violent 	Solomon	
Amiable 	Myron	
Genteel 	Isidore	
Motivated 	Dylan	
Inventive 	Giles	
Ambitious 	Eugene	
Precise 	Carl	
Jump-up 	Jason	
Cozy 	Len	
Ingenious 	Conrad	
Original 	Hogan	
Clever 	Quinn	
Hearty 	Alston	
Dutiful 	Reg	
Honesty 	Ronald	
Able 	Stan	
Modest 	Stev	
Rapture 	Claude	
Reasonable 	Tracy	
Impartial 	Edward	
Cruel 	Lou	
Dynamic 	Hyman	
Dashing 	Webb	
Logical 	Adam	
Qualified 	Paul	
Brave 	Jeffrey	
Trustful 	Phil	
Crappy 	Saxon	
Gentle 	Sid	
Objective 	Julius	
Rapture 	Eric	
Learned 	Wayne	
Orderly 	Elvis	
Dynamic 	Edison	
Candid 	Alger	
Modest 	Ferdinand	
Motivated 	Yves	
Violent 	Fitch	
Dynamic 	Haley	
Rational 	Abner	
Energetic 	Hale	
Brave 	Egbert	
Humble 	Willie	
Dashing 	Noel	
Inventive 	Kevin	
Objective 	Truman	
Amicable 	Wythe	
Audacious 	Marlon	
Devoted 	Xavier	
Reasonable 	Paddy	
Original 	Philip	
Delicious 	Colin	
Frugal 	Ansel	
Faceless 	Monroe	
Expressive 	Hyman	
Alert 	Hyman	
Confident 	Alvin	
Confident 	Wayne	
Creative 	Sid	
Just 	Nigel	
Dedicated 	Harry	
Modest 	Maurice	
Amicable 	Sam	
Beautiful 	Murphy	
Dedicated 	Nick	
Cooperative 	Vito	
Rapture 	Taylor	
Initiative 	Simon	
Cozy 	Ted	
Frugal 	Mike	
Dashing 	Noah	
Expressive 	Hardy	
Jump-up 	Drew	
Inventive 	Xavier	
Methodical 	Amos	
Analytical 	Elmer	
Confident 	Verne	
Candid 	Yves	
Cruel 	Ron	
Adroit 	Enoch	
Initiative 	Ian	
Critical 	Richard	
Romantic 	Toby	
Enthusiastic 	Nat	
Genteel 	Carr	
Analytical 	Marsh	
Expressive 	Kirk	
Candid 	Leonard	
Forceful 	Rock	
Adaptable 	Julius	
Precise 	Joyce	
Clever 	Haley	
Helpful 	Jason	
Ingenious 	Edison	
Greedy 	Elliot	
Crude 	Moses	
Precise 	Lynn	
Liberal 	Lance	
Intellective 	Jo	
Cuckoo 	Eli	
Industrious 	Rod	
Coward 	Geoffrey	
Careful 	Toby	
Rational 	Xavier	
Hearty 	Jo	
Objective 	Andrew	
Reasonable 	Augus	
Clever 	Nathan	
Adroit 	Julian	
Lovely 	Todd	
Humble 	Alva	
Cuckoo 	Kerwin	
Cozy 	Chad	
Frugal 	Ingram	
Faceless 	Kim	
Amiable 	Marsh	
Dependable 	Lou	
Cynical 	Len	
Crusty 	Frank	
Delicious 	Cecil	
Charitable 	King	
Faceless 	Mick	
Reasonable 	Sidon	
Discreet 	Rachel	
Crappy 	Zebulon	
Impartial 	Simon	
Delicious 	Milo	
Gentle 	Maurice	
Dedicated 	Oliver	
Faithful 	Kent	
Corrupt 	Abel	
Honey 	Valentine	
Active 	James	
Amiable 	Abel	
Generous 	Abner	
Logical 	Merlin	
Evil 	Heather	
Jump-up 	Cecil	
Cunning 	Harold	
Diplomatic 	Jonas	
Confident 	Ken	
Dutiful 	Augus	
Clever 	Maxwell	
Cynical 	Yale	
Active 	Ted	
Delicious 	Abbott	
Faceless 	Cliff	
Corrupt 	Lou	
Rapture 	Jesse	
Efficient 	Porter	
Rapture 	Morgan	
Amicable 	Pete	
Modest 	Elmer	
Frugal 	Heather	
Methodical 	Chad	
Motivated 	Ivan	
Charitable 	Dunn	
Punctual 	Abel	
Independent 	Asa	
Rapture 	Ronald	
Ambitious 	Page	
Dishonest 	Howar	
Brutal 	Louis	
Lovely 	Victor	
Rational 	Winfred	
Alert 	Harry	
Crappy 	Eugene	
Clever 	Abraham	
Objective 	Lou	
Cunning 	Albert	
Rational 	Jeffrey	
Coward 	Marico	
Careful 	Sid	
Crazy 	Henry	
Competent 	Steven	
Generous 	Ward	
Devoted 	Dylan	
Coward 	Duncan	
Ambitious 	Edwiin	
Efficient 	Walker	
Faceless 	Moore	
Humor 	Edgar	
Realistic 	Dunn	
Cuckoo 	Porter	
Efficient 	Giles	
Able 	Kennedy	
Candid 	Levi	
Charitable 	Magee	
Brutal 	Ives	
Amiable 	Tiffany	
Genteel 	Michael	
Coward 	Jeff	
Adaptable 	Jack	
Blinkered 	Verne	
Initiative 	Nat	
Brutal 	Arthur	
Amiable 	Charles	
Earnest 	Herbert	
Dashing 	Parker	
Capable 	Meredith	
Forceful 	Arlen	
Faceless 	Edmund	
Hearty 	Antony	
Crude 	Alvin	
Dynamic 	Alva	
Alert 	Norman	
Ambitious 	Norton	
Impartial 	Ingram	
Crappy 	Kennedy	
Delicious 	Lyndon	
Greedy 	Toby	
Liberal 	Hale	
Intelligent 	Sean	
Trustful 	Asa	
Honest 	Rupert	
Friendly 	Matt	
Initiative 	Felix	
Rational 	Justin	
Dedicated 	Werner	
Rational 	Cliff	
Expressive 	Amos	
Logical 	Aaron	
Crummy 	Phil	
Hospitable 	Wade	
Just 	Moses	
Greedy 	Adair	
Radient 	Stanley	
Careful 	Francis	
Motivated 	Quincy	
Able 	Kerwin	
Careless 	Kennedy	
Cuckoo 	Parker	
Charitable 	Hogan	
Dishonest 	Ingram	
Crusty 	Lyndon	
Confident 	Moses	
Qualified 	Ingram	
Clever 	Ziv	
Aspiring 	Giles	
Gentle 	Colby	
Delicious 	Alfred	
Ingenious 	Edwiin	
Humor 	Gilbert	
Dashing 	Earl	
Cozy 	Montague	
Alert 	Matt	
Adroit 	Stanley	
Cruel 	Harriet	
Cunning 	Sandy	
Orderly 	Isaac	
Just 	Regan	
Jump-up 	Sidon	
Dishonest 	Wilbur	
Gentle 	Woodrow	
Reasonable 	Leif	
Unholiness 	Primo	
Learned 	Kennedy	
Helpful 	Quincy	
Unholiness 	Arlen	
Practical 	Kyle	
Nice 	Hogan	
Earnest 	Ternence	
Honey 	Ronald	
Intelligent 	Wade	
Violent 	Elmer	
Honest 	Parker	
Delicious 	Mark	
Humble 	Harley	
Creative 	Lou	
Unholiness 	Alva	
Honey 	Wilbur	
Amiable 	Reg	
Honest 	Carter	
Evil 	Ward	
Corrupt 	Vic	
Violent 	Reg	
Cruel 	Ralap	
Frugal 	Samuel	
Cynical 	Evan	
Brave 	Larry	
Generous 	Sid	
Helpful 	Arthur	
Competent 	Lynn	
Practical 	Harley	
Cynical 	Leo	
Active 	Walker	
Faithful 	Louis	
Active 	Vito	
Careless 	Haley	
Aggressive 	Ivan	
Creative 	Cash	
Cynical 	Angelo	
Orderly 	Max	
Crude 	Charles	
Ambitious 	Rupert	
Honest 	Sandy	
Crusty 	Ives	
Clever 	Mark	
Logical 	Gabriel	
Forceful 	Asa	
Gentle 	Spencer	
Brave 	Ralap	
Orderly 	Payne	
Brave 	Abraham	
Dedicated 	Abner	
Reasonable 	Amos	
Able 	Saxon	
Efficient 	Earl	
Faceless 	Ives	
Genteel 	Abner	
Frank 	Wordsworth	
Brave 	Dunn	
Diplomatic 	Levi	
Brutal 	Harley	
Honey 	Abraham	
Humor 	York	
Hospitable 	Merle	
Generous 	Fabian	
Cuckoo 	Lyndon	
Dashing 	Michael	
Jump-up 	Harlan	
Hospitable 	Verne	
Brave 	Gerald	
Careless 	Simon	
Amicable 	Dylan	
Honesty 	Jo	
Careful 	Orville	
Modest 	Hugo	
Cozy 	John	
Blinkered 	Carl	
Humorous 	Andrew	
Impartial 	Jared	
Orderly 	Leonard	
Forceful 	Taylor	
Violent 	Jesse	
Cynical 	Verne	
Honey 	William	
Impartial 	Hogan	
Earnest 	Tyler	
Alert 	Dwight	
Lovely 	Edward	
Careful 	Elliot	
Alert 	Simon	
Frugal 	Saxon	
Creative 	Ken	
Dishonest 	Cliff	
Dutiful 	Noel	
Forceful 	Ingemar	
Adroit 	Evan	
Rapture 	Vincent	
Capable 	Edison	
Initiative 	Will	
Amiable 	Saxon	
Competent 	Scott	
Ambitious 	Rock	
Crummy 	Jo	
Corrupt 	Sean	
Rational 	Douglas	
Cunning 	Giles	
Cozy 	Thomas	
Radient 	Alfred	
Coward 	Elmer	
Romantic 	Nelson	
Liberal 	Drew	
Expressive 	Hugh	
Apprehensive 	Eli	
Cruel 	Rod	
Cruel 	Tyrone	
Disciplined 	Len	
Cuckoo 	Toby	
Crusty 	Kelly	
Independent 	Eli	
Aspiring 	Walker	
Charitable 	Jack	
Faceless 	Vito	
Adroit 	Douglas	
Realistic 	Ogden	
Dedicated 	Frank	
Blinkered 	Simon	
Modest 	Ulysses	
Faithful 	Stev	
Coward 	Paul	
Dashing 	Leo	
Crazy 	Sandy	
Honesty 	Stanley	
Original 	Joyce	
Punctual 	Clyde	
Crazy 	Vic	
Competent 	Thomas	
Discreet 	Tiffany	
Analytical 	Carl	
Punctual 	Tyler	
Confident 	Rock	
Able 	Colby	
Coward 	Franklin	
Practical 	Nathan	
Honey 	Rodney	
Creative 	Eric	
Original 	Norman	
Initiative 	Haley	
Cynical 	Sidon	
Honey 	Abner	
Evil 	Ingram	
Forceful 	Jeremy	
Trustful 	Elroy	
Brutal 	Douglas	
Crummy 	Tracy	
Cuckoo 	Adam	
Dutiful 	Hugh	
Forceful 	Saxon	
Brave 	Wilbur	
Honest 	Giles	
Dutiful 	Upton	
Diplomatic 	Eden	
Logical 	Heather	
Careless 	Michell	
Good 	Allen	
Objective 	Sean	
Crude 	Hiram	
Dedicated 	Sandy	
Learned 	Justin	
Capable 	Hunter	
Hearty 	Leo	
Logical 	Sidney	
Dynamic 	Winfred	
Honest 	Elvis	
Greedy 	Herman	
Persevering 	Milo	
Honesty 	Drew	
Cruel 	Murphy	
Painstaking 	Phil	
Honey 	Hobart	
Crusty 	Perry	
Efficient 	Lucien	
Precise 	Leo	
Radient 	Sidney	
Amicable 	Ansel	
Analytical 	York	
Radient 	Felix	
Candid 	Hubery	
Objective 	Paddy	
Rational 	Vincent	
Diplomatic 	Les	
Aspiring 	Harlan	
Motivated 	Levi	
Crude 	Gilbert	
Active 	Noah	
Diplomatic 	Stev	
Aspiring 	Atwood	
Devoted 	Oliver	
Honest 	Leif	
Charitable 	Sam	
Friendly 	Chester	
Hospitable 	Cash	
Candid 	Tom	
Disciplined 	Earl	
Crazy 	Aubrey	
Dependable 	Omar	
Punctual 	Ward	
Painstaking 	Stev	
Amicable 	Rock	
Aspiring 	Clare	
Forceful 	Yale	
Critical 	Ulysses	
Rational 	Wade	
Blinkered 	Herman	
Crappy 	Ogden	
Impartial 	Donald	
Cynical 	Miles	
Corrupt 	Lambert	
Able 	Harold	
Adaptable 	Evan	
Dashing 	Lambert	
Frugal 	Solomon	
Good 	Edison	
Humor 	Nicholas	
Amicable 	Lewis	
Objective 	Carter	
Capable 	Lou	
Ambitious 	Edgar	
Candid 	Regan	
Ingenious 	Nick	
Competent 	Tim	
Modest 	Julian	
Creative 	Colin	
Romantic 	Earl	
Crummy 	Ian	
Orderly 	Matt	
Honesty 	Tyrone	
Inventive 	Egbert	
Generous 	Vincent	
Good 	Leo	
Generous 	Quincy	
Frank 	Kennedy	
Dutiful 	Clare	
Crazy 	Marcus	
Genteel 	Meredith	
Crusty 	Jared	
Crummy 	Marlon	
Cruel 	Myron	
Friendly 	Paddy	
Crazy 	Ashbur	
Objective 	Alvin	
Able 	Nigel	
Helpful 	Steward	
Evil 	Milo	
Crusty 	Quintion	
Crummy 	Murphy	
Careful 	Yehudi	
Cruel 	Arnold	
Amicable 	Clare	
Discreet 	Arnold	
Radient 	Lou	
Cozy 	William	
Able 	Aldrich	
Brutal 	Ed	
Learned 	Noel	
Modest 	Mick	
Dependable 	Matt	
Coward 	Alger	
Beautiful 	Chasel	
Charitable 	Alvin	
Logical 	Rod	
Just 	Abraham	
Precise 	Ron	
Energetic 	Elroy	
Devoted 	Gene	
Dynamic 	Tobias	
Faithful 	Ellis	
Frugal 	Herman	
Learned 	Magee	
Just 	Carl	
Diplomatic 	Paul	
Liberal 	Matt	
Helpful 	Colby	
Learned 	Clare	
Honey 	Porter	
Cozy 	Richard	
Analytical 	Isaac	
Aspiring 	Steven	
Forceful 	Winfred	
Careful 	Taylor	
Crappy 	Lance	
Practical 	Gavin	
Cozy 	Theodore	
Crummy 	Lyndon	
Discreet 	Jeremy	
Reasonable 	Jacob	
Cruel 	Jay	
Enthusiastic 	Roy	
Discreet 	Mandel	
Active 	Nelson	
Coward 	Michell	
Hearty 	Sandy	
Crusty 	Gerald	
Radient 	Claude	
Humble 	Parker	
Frank 	Reginald	
Amicable 	Quincy	
Crusty 	Winfred	
Brave 	Stanford	
Adroit 	Page	
Motivated 	Kerr	
Analytical 	Asa	
Delicious 	Perry	
Earnest 	Webb	
Motivated 	Parker	
Alert 	Dylan	
Aspiring 	Tom	
Inventive 	Atwood	
Good 	Nick	
Orderly 	Michael	
Humorous 	Noel	
Adroit 	Paddy	
Realistic 	Ward	
Impartial 	Geoff	
Capable 	Kirk	
Creative 	Norman	
Greedy 	Humphrey	
Hateful 	Claude	
Crappy 	Edwiin	
Discreet 	Kim	
Honesty 	Herbert	
Careful 	Douglas	
Friendly 	Samuel	
Faceless 	Abraham	
Humble 	Lennon	
Liberal 	Mick	
Jump-up 	Scott	
Logical 	Steward	
Precise 	Ford	
Crude 	Jesse	
Candid 	Asa	
Learned 	Lucien	
Jump-up 	Tom	
Coward 	Cecil	
Crude 	Quincy	
Impartial 	Lionel	
Coward 	Marvin	
Humor 	Maxwell	
Evil 	Francis	
Hearty 	Andy	
Faithful 	Hilary	
Humble 	Theobald	
Generous 	Michael	
Frugal 	Toby	
Faceless 	Lyle	
Dashing 	Dwight	
Delicious 	Reg	
Earnest 	Alfred	
Generous 	Vivian	
Rational 	Phil	
Crude 	Douglas	
Just 	Leonard	
Faithful 	Oliver	
Clever 	Wayne	
Brutal 	Jack	
Confident 	Gene	
Frugal 	Oliver	
Logical 	Tyler	
Alert 	Vito	
Honey 	Gilbert	
Cunning 	Heather	
Careless 	Merlin	
Qualified 	Eugene	
Lovely 	Spencer	
Crusty 	Warner	
Corrupt 	Edwiin	
Good 	Channing	
Dedicated 	Myron	
Confident 	Payne	
Frugal 	Ogden	
Cozy 	Carl	
Devoted 	Meredith	
Cozy 	Ronald	
Careless 	Jeff	
Rapture 	Amos	
Adaptable 	Ogden	
Cuckoo 	Kennedy	
Confident 	John	
Crazy 	Lyndon	
Crude 	Orville	
Honesty 	Cedric	
Precise 	William	
Gentle 	Magee	
Capable 	Jerome	
Amicable 	Ted	
Lovely 	Jonas	
Beautiful 	Ashbur	
Dependable 	Drew	
Rational 	Sean	
Humorous 	Lucien	
Energetic 	Sandy	
Clever 	Lou	
Genteel 	Tyler	
Hearty 	Nicholas	
Apprehensive 	Les	
Nice 	Neil	
Greedy 	Theodore	
Honey 	Leonard	
Ingenious 	Monroe	
Earnest 	Gene	
Amicable 	Arlen	
Forceful 	Will	
Generous 	Aldrich	
Loyal 	Colbert	
Dedicated 	Chasel	
Crummy 	Webster	
Aspiring 	Harley	
Creative 	Ansel	
Generous 	Cedric	
Dishonest 	Gale	
Devoted 	Morgan	
Dishonest 	Walter	
Cozy 	Yale	
Jump-up 	Will	
Logical 	Arthur	
Dynamic 	Quintion	
Trustful 	Lionel	
Amiable 	Alvin	
Ambitious 	Kevin	
Generous 	Arthur	
Brutal 	Kim	
Adroit 	Saxon	
Crazy 	Hiram	
Evil 	Marvin	
Learned 	Roy	
Generous 	Adam	
Realistic 	King	
Cruel 	Woodrow	
Brave 	Aldrich	
Cynical 	Phil	
Rapture 	Matthew	
Adroit 	Tim	
Dishonest 	Gary	
Gentle 	Upton	
Ambitious 	Kerr	
Discreet 	Omar	
Amicable 	Max	
Adroit 	Wayne	
Radient 	Reginald	
Dedicated 	Lennon	
Crummy 	Claude	
Liberal 	Angelo	
Motivated 	Harley	
Good 	Jared	
Cynical 	Ives	
Energetic 	Marico	
Just 	Isidore	
Earnest 	Kerwin	
Amiable 	Clyde	
Amicable 	Leif	
Good 	Troy	
Careless 	Edwiin	
Orderly 	Andrew	
Faithful 	Victor	
Punctual 	Mike	
Charitable 	Kelly	
Logical 	Charles	
Ambitious 	Lester	
Ingenious 	Kirk	
Crazy 	Vito	
Nice 	Dwight	
Cruel 	Carl	
Objective 	York	
Able 	Merle	
Dashing 	Antony	
Purposeful 	Vito	
Critical 	Sid	
Devoted 	Kent	
Dishonest 	Atwood	
Radient 	Isidore	
Cunning 	Ives	
Rapture 	Winston	
Helpful 	Colin	
Charitable 	Troy	
Learned 	Todd	
Energetic 	Ziv	
Motivated 	Mark	
Punctual 	Omar	
Liberal 	Arlen	
Brave 	Marlon	
Dashing 	Gavin	
Cooperative 	Jim	
Dashing 	Quincy	
Humble 	Spencer	
Crude 	Sid	
Discreet 	Werner	
Motivated 	Hogan	
Unholiness 	Peter	
Friendly 	Wendell	
Lovely 	Sidney	
Hospitable 	Elton	
Confident 	Archer	
Rapture 	Simon	
Humorous 	Moore	
Greedy 	Ward	
Candid 	Verne	
Discreet 	Jacob	
Earnest 	Troy	
Impartial 	Giles	
Liberal 	Morgan	
Rapture 	Joyce	
Modest 	Cash	
Disciplined 	Stan	
Precise 	Abbott	
Crusty 	Michael	
Energetic 	Marsh	
Hearty 	Moore	
Expressive 	Alan	
Charitable 	James	
Cuckoo 	Primo	
Ingenious 	York	
Responsible 	Rod	
Crazy 	Omar	
Industrious 	Jo	
Honest 	Henry	
Honest 	Kelly	
Dynamic 	Jo	
Friendly 	Carter	
Honest 	Rachel	
Liberal 	Andy	
Friendly 	Troy	
Capable 	Murphy	
Devoted 	Robin	
Devoted 	Arlen	
Friendly 	Tyrone	
Confident 	Elmer	
Forceful 	Payne	
Alert 	Porter	
Genteel 	Augus	
Loyal 	Mick	
Discreet 	Antoine	
Rapture 	Steward	
Coward 	Woodrow	
Liberal 	Leonard	
Cozy 	Quintion	
Reasonable 	Roy	
Discreet 	Donald	
Able 	Page	
Violent 	Archer	
Dashing 	Edmund	
Realistic 	Murray	
Alert 	Kent	
Diplomatic 	Wade	
Dashing 	Simon	
Crude 	Wayne	
Orderly 	Carr	
Aspiring 	Abbott	
Beautiful 	Cliff	
Impartial 	Willie	
Qualified 	Walter	
Honesty 	Francis	
Faceless 	Alfred	
Crazy 	Saxon	
Amicable 	Winston	
Crazy 	Victor	
Dedicated 	Lynn	
Original 	Donald	
Crummy 	Reuben	
Corrupt 	Pete	
Aspiring 	Clyde	
Corrupt 	Giles	
Violent 	Ivan	
Diplomatic 	Tim	
Faceless 	Steven	
Original 	Carr	
Punctual 	Eden	
Dashing 	Addison	
Humor 	Herbert	
Just 	Jonathan	
Helpful 	Tyler	
Violent 	Murphy	
Hateful 	Jim	
Aspiring 	Amos	
Crazy 	Jerome	
Aspiring 	Wade	
Careful 	Jacob	
Initiative 	Giles	
Violent 	Colby	
Crappy 	Adair	
Hateful 	Robert	
Just 	Ken	
Hearty 	Evan	
Ingenious 	Victor	
Impartial 	Isaac	
Cunning 	Lou	
Liberal 	Ward	
Active 	Tracy	
Rational 	Tiffany	
Original 	Virgil	
Brave 	Ian	
Hearty 	Julius	
Brutal 	Leopold	
Corrupt 	Enoch	
Good 	Adam	
Brave 	Moses	
Generous 	Matt	
Crusty 	Patrick	
Faceless 	Yale	
Practical 	Hobart	
Expressive 	Lou	
Cozy 	Paddy	
Crusty 	Merle	
Gentle 	Lucien	
Dynamic 	Sid	
Loyal 	Reginald	
Punctual 	Phil	
Impartial 	Myron	
Dashing 	Page	
Crude 	August	
Hateful 	Walker	
Radient 	Dwight	
Objective 	Howar	
Honest 	Augustine	
Brutal 	Porter	
Hateful 	Cash	
Loyal 	Virgil	
Adaptable 	George	
Cooperative 	Tab	
Apprehensive 	Tab	
Discreet 	Arvin	
Friendly 	Archer	
Realistic 	Fitch	
Careless 	Mike	
Modest 	Gerald	
Humor 	Evan	
Faithful 	Yale	
Violent 	Duncan	
Radient 	Jack	
Adroit 	Morton	
Able 	Cash	
Greedy 	Marlon	
Precise 	Parker	
Capable 	Leif	
Delicious 	Tim	
Adroit 	Abbott	
Brave 	Rex	
Helpful 	Kyle	
Methodical 	Larry	
Careful 	Alan	
Critical 	Matt	
Evil 	Lance	
Brave 	Adonis	
Hospitable 	Phil	
Just 	Hogan	
Hearty 	Rudolf	
Radient 	Harley	
Aspiring 	Tyler	
Jump-up 	Neil	
Amiable 	Colby	
Crazy 	Harvey	
Critical 	Saxon	
Careless 	Ahern	
Industrious 	Hale	
Impartial 	Ira	
Good 	Kenneth	
Good 	King	
Frugal 	Yale	
Active 	Harlan	
Generous 	Uriah	
Coward 	Egbert	
Competent 	Ford	
Capable 	Orville	
Unholiness 	Ira	
Crappy 	Wendell	
Amicable 	Alva	
Honesty 	Patrick	
Dutiful 	Jim	
Just 	Frank	
Reasonable 	Cecil	
Faceless 	Hogan	
Loyal 	Cedric	
Qualified 	Stan	
Cozy 	Drew	
Devoted 	Norman	
Earnest 	Newman	
Diplomatic 	Quinn	
Humor 	Hyman	
Gentle 	Adonis	
Delicious 	Luther	
Devoted 	Scott	
Orderly 	Eric	
Honesty 	Ian	
Logical 	Ansel	
Helpful 	Carr	
Audacious 	Omar	
Crappy 	Giles	
Cruel 	Ulysses	
Efficient 	Ellis	
Brave 	Ken	
Cunning 	Harry	
Competent 	Merle	
Cunning 	Jeff	
Diplomatic 	Adam	
Helpful 	Wade	
Orderly 	Ford	
Constructive 	Ian	
Diplomatic 	Primo	
Romantic 	Payne	
Alert 	Emmanuel	
Crappy 	Abbott	
Honest 	Joyce	
Trustful 	Julian	
Cuckoo 	Rodney	
Dedicated 	Alfred	
Amiable 	Antonio	
Generous 	Conrad	
Orderly 	Parker	
Frugal 	Edmund	
Purposeful 	Miles	
Motivated 	Wright	
Forceful 	Paul	
Brutal 	Alan	
Reasonable 	Drew	
Honey 	Wythe	
Jump-up 	Norman	
Careless 	Vic	
Motivated 	Gene	
Original 	Noah	
Dashing 	Julian	
Honest 	Moses	
Adroit 	Andrew	
Frank 	Harley	
Dishonest 	Noel	
Honest 	Marlon	
Genteel 	Wythe	
Dashing 	Reg	
Hospitable 	York	
Helpful 	Lance	
Practical 	Rod	
Modest 	Theobald	
Dashing 	Adonis	
Dishonest 	Lennon	
Jump-up 	Ziv	
Humorous 	Wilbur	
Logical 	Rock	
Generous 	Donald	
Dishonest 	Werner	
Gentle 	Miles	
Discreet 	Hugo	
Violent 	Regan	
Good 	Milo	
Disciplined 	Roy	
Humorous 	Wayne	
Liberal 	Mandel	
Crusty 	Elroy	
Greedy 	Mick	
Careless 	Ivan	
Critical 	Winfred	
Good 	Leopold	
Honey 	Kyle	
Lovely 	Wright	
Ingenious 	Ansel	
Impartial 	Ed	
Gentle 	Regan	
Crummy 	Alvin	
Active 	Jo	
Dynamic 	Marvin	
Crude 	Abner	
Nice 	Walter	
Good 	Eden	
Forceful 	Thomas	
Gentle 	Alan	
Purposeful 	Lou	
Amiable 	Joshua	
Humor 	Stanford	
Humble 	Uriah	
Lovely 	Adair	
Lovely 	Kerr	
Lovely 	Les	
Energetic 	Amos	
Capable 	Mandel	
Honest 	Abel	
Nice 	Harry	
Jump-up 	Carr	
Honest 	Sidney	
Ingenious 	Matt	
Delicious 	Ron	
Practical 	Sandy	
Frank 	Phil	
Disciplined 	Asa	
Cruel 	Yehudi	
Dedicated 	Ron	
Aspiring 	Angelo	
Greedy 	Theobald	
Corrupt 	Neil	
Reasonable 	Gale	
Ambitious 	Justin	
Modest 	Hilary	
Motivated 	Ira	
Hearty 	Rod	
Crazy 	Isidore	
Precise 	Quinn	
Radient 	Tiffany	
Devoted 	Colin	
Romantic 	Robert	
Clever 	Sam	
Brave 	Julian	
Purposeful 	Hugh	
Creative 	Jeff	
Nice 	Toby	
Crappy 	Arlen	
Jump-up 	Mandel	
Crazy 	Steven	
Logical 	Joseph	
Dutiful 	Rock	
Gentle 	Milo	
Evil 	Timothy	
Dutiful 	Omar	
Humorous 	Michael	
Methodical 	Arlen	
Alert 	Adair	
Amicable 	Earl	
Competent 	Albert	
Expressive 	Tyler	
Radient 	Orville	
Romantic 	Todd	
Humorous 	Steward	
Careless 	Kelly	
Modest 	Mortimer	
Amiable 	Aldrich	
Amicable 	Verne	
Brutal 	Stanford	
Crazy 	Lance	
Crummy 	Milo	
Coward 	Lester	
Rational 	Omar	
Devoted 	Nelson	
Amiable 	Rodney	
Liberal 	Clyde	
Crude 	Howar	
Earnest 	York	
Cynical 	Ian	
Capable 	Chad	
Crude 	Morton	
Discreet 	Maxwell	
Frank 	Rudolf	
Frank 	Channing	
Generous 	Ansel	
Motivated 	Tyrone	
Practical 	Tim	
Earnest 	Hobart	
Romantic 	Quincy	
Learned 	Adonis	
Good 	Jack	
Modest 	Woodrow	
Cozy 	Haley	
Brutal 	Reginald	
Hospitable 	Webb	
Jump-up 	Marico	
Brave 	Nathaniel	
Audacious 	Noah	
Adaptable 	Leo	
Blinkered 	Lynn	
Cozy 	Matt	
Lovely 	Ives	
Reasonable 	Isaac	
Cynical 	Lester	
Beautiful 	Truman	
Adaptable 	Earl	
Alert 	Hugh	
Able 	Ivan	
Romantic 	Cliff	
Cruel 	Lionel	
Dutiful 	Alva	
Modest 	Samuel	
Evil 	Adonis	
Forceful 	Edmund	
Jump-up 	Merlin	
Dutiful 	Colbert	
Precise 	Xavier	
Original 	Nat	
Orderly 	Samuel	
Loyal 	Edgar	
Amiable 	Winfred	
Greedy 	Page	
Crude 	Verne	
Discreet 	Tracy	
Greedy 	Christ	
Competent 	Ashbur	
Honest 	Saxon	
Honesty 	Monroe	
Earnest 	Randolph	
Confident 	Arnold	
Objective 	Walter	
Humorous 	Amos	
Beautiful 	Arlen	
Honesty 	Ivan	
Radient 	Albert	
Candid 	Theobald	
Hearty 	Merlin	
Creative 	Sidney	
Evil 	Armand	
Romantic 	Norton	
Crappy 	Vito	
Careless 	Adam	
Objective 	Stev	
Brutal 	Paul	
Generous 	Leif	
Dishonest 	Peter	
Trustful 	Charles	
Forceful 	Murphy	
Generous 	Mandel	
Critical 	Len	
Brave 	Neil	
Trustful 	Tiffany	
Orderly 	Herbert	
Aspiring 	Raymond	
Capable 	Eric	
Devoted 	Kevin	
Dutiful 	Jacob	
Hospitable 	Jonas	
Impartial 	Jim	
Frank 	Elvis	
Crummy 	Leif	
Honey 	Ralap	
Logical 	Ernest	
Cunning 	Harvey	
Humorous 	Samuel	
Crusty 	Zebulon	
Able 	Winfred	
Objective 	Scott	
Hearty 	Elliot	
Clever 	William	
Confident 	Kerwin	
Objective 	Lyndon	
Precise 	Sam	
Coward 	Abel	
Dependable 	Elmer	
Punctual 	Kerwin	
Diplomatic 	Abner	
Jump-up 	Carter	
Evil 	Harlan	
Earnest 	Alvin	
Faceless 	Joseph	
Analytical 	Hardy	
Crappy 	Leopold	
Efficient 	Hilary	
Trustful 	Nigel	
Crude 	Nathan	
Brutal 	Warner	
Clever 	Wilbur	
Creative 	Vito	
Humor 	Ferdinand	
Romantic 	Magee	
Cozy 	Silvester	
Honest 	Louis	
Cuckoo 	Armand	
Romantic 	Noah	
Cozy 	Reuben	
Precise 	Reuben	
Cynical 	Robert	
Inventive 	Ryan	
Methodical 	Harry	
Crappy 	Ahern	
Trustful 	Frank	
Cruel 	Rock	
Humble 	Pete	
Discreet 	Hyman	
Aspiring 	Jeffrey	
Constructive 	Ron	
Faceless 	Pete	
Genteel 	Lambert	
Reasonable 	Alan	
Dependable 	Paddy	
Objective 	Hobart	
Evil 	Randolph	
Romantic 	Regan	
Impartial 	Wright	
Gentle 	Harley	
Cooperative 	Sean	
Discreet 	Harlan	
Punctual 	Troy	
Cunning 	Ronald	
Good 	Quintion	
Adroit 	Emmanuel	
Apprehensive 	Jay	
Nice 	Arlen	
Lovely 	Robin	
Generous 	Lennon	
Coward 	Harriet	
Humor 	Steward	
Faithful 	Eli	
Alert 	Kenneth	
Precise 	Theodore	
Able 	Frank	
Motivated 	Len	
Diplomatic 	Noel	
Ingenious 	Lewis	
Energetic 	Fitch	
Faithful 	Lambert	
Trustful 	Yale	
Amiable 	August	
Intelligent 	York	
Crusty 	Hardy	
Honey 	Stan	
Generous 	Evan	
Dutiful 	Clarence	
Clever 	Hilary	
Radient 	Toby	
Humor 	Ulysses	
Dependable 	Roy	
Dutiful 	Elliot	
Amiable 	Orville	
Dynamic 	Eugene	
Generous 	Haley	
Greedy 	Elton	
Careful 	Colby	
Genteel 	Kerwin	
Charitable 	Ralap	
Earnest 	Rudolf	
Brutal 	Amos	
Persevering 	Yves	
Candid 	Earl	
Intelligent 	Jeff	
Logical 	Zebulon	
Brave 	Murphy	
Trustful 	Isaac	
Candid 	Tracy	
Candid 	Jonas	
Crude 	Malcolm	
Friendly 	Julian	
Adroit 	Taylor	
Crummy 	Scott	
Candid 	Lambert	
Nice 	Jonathan	
Punctual 	Joyce	
Careful 	Troy	
Crummy 	Magee	
Coward 	Yves	
Honey 	Herbert	
Crude 	Regan	
Discreet 	Kerr	
Devoted 	Arvin	
Humorous 	Isidore	
Frugal 	Leonard	
Generous 	Francis	
Honest 	Leonard	
Crazy 	Ansel	
Gentle 	Orville	
Able 	Philip	
Nice 	Virgil	
Friendly 	Wright	
Reasonable 	York	
Humble 	Lewis	
Crazy 	Rachel	
Impartial 	Jeff	
Friendly 	Eugene	
Humorous 	Mandel	
Careless 	Noel	
Modest 	Kyle	
Romantic 	Marico	
Friendly 	Yehudi	
Brutal 	Jo	
Cynical 	Duke	
Faceless 	Jo	
Ingenious 	Ron	
Just 	Yehudi	
Faceless 	Marlon	
Delicious 	Wright	
Crusty 	Thomas	
Honey 	Lyle	
Charitable 	Merle	
Crude 	Lynn	
Nice 	Ron	
Careless 	Quincy	
Rapture 	Ira	
Dutiful 	Moses	
Competent 	Cecil	
Greedy 	Meredith	
Dynamic 	Harlan	
Original 	Albert	
Reasonable 	Lyle	
Helpful 	Gilbert	
Punctual 	Martin	
Forceful 	Nelson	
Beautiful 	Eugene	
Generous 	Ziv	
Crusty 	Simon	
Brave 	Sidney	
Crummy 	Douglas	
Punctual 	Alfred	
Persevering 	Mike	
Ingenious 	Perry	
Discreet 	Marlon	
Logical 	Quinn	
Initiative 	Neil	
Industrious 	Ron	
Earnest 	Carl	
Precise 	Tobias	
Active 	Harley	
Crummy 	Timothy	
Blinkered 	Henry	
Dedicated 	Nigel	
Romantic 	Winston	
Amicable 	Gerald	
Honey 	Pete	
Dutiful 	Marcus	
Rapture 	Tony	
Audacious 	Noel	
Rational 	Jacob	
Generous 	Tony	
Crazy 	Tab	
Brave 	Jay	
Active 	Maxwell	
Beautiful 	James	
Cynical 	Colby	
Analytical 	Augus	
Crude 	Yale	
Humorous 	Page	
Learned 	Jeremy	
Cozy 	Alvin	
Hateful 	Algernon	
Realistic 	Hale	
Objective 	Abbott	
Purposeful 	Elvis	
Evil 	Webster	
Devoted 	Larry	
Objective 	Archer	
Punctual 	Archer	
Clever 	Nicholas	
Crazy 	Hardy	
Energetic 	Ashbur	
Initiative 	Carr	
Clever 	Steward	
Liberal 	Robin	
Honest 	Alvin	
Efficient 	Werner	
Nice 	Marlon	
Intelligent 	Alan	
Dashing 	Arthur	
Frugal 	Earl	
Apprehensive 	Sam	
Radient 	Raymond	
Devoted 	Wilbur	
Able 	Stanford	
Brave 	Rory	
Humble 	Rory	
Loyal 	Henry	
Efficient 	Ahern	
Inventive 	Vito	
Rapture 	Duke	
Honesty 	Reuben	
Motivated 	Jason	
Methodical 	Alvin	
Cooperative 	Noel	
Inventive 	Paddy	
Critical 	Lynn	
Gentle 	Kirk	
Hearty 	Antonio	
Honest 	Jerry	
Cynical 	Jay	
Initiative 	Adair	
Generous 	Alston	
Humor 	Felix	
Aspiring 	Chad	
Rational 	Rupert	
Corrupt 	Gabriel	
Cuckoo 	Jerry	
Trustful 	Alston	
Violent 	Reuben	
Radient 	Phil	
Honey 	Regan	
Honest 	Xavier	
Honest 	Nigel	
Precise 	Duke	
Helpful 	Page	
Persevering 	Alan	
Dishonest 	Merle	
Delicious 	Larry	
Hospitable 	Elmer	
Jump-up 	Maxwell	
Honey 	Edwiin	
Cunning 	Conrad	
Careless 	Lucien	
Energetic 	Ira	
Good 	Taylor	
Humble 	Kent	
Radient 	Uriah	
Generous 	Carr	
Unholiness 	Moses	
Dynamic 	Larry	
Just 	Verne	
Discreet 	Abraham	
Realistic 	Cedric	
Able 	Alan	
Blinkered 	Kerr	
Hearty 	Edwiin	
Loyal 	August	
Hearty 	Lawrence	
Brutal 	Tyrone	
Loyal 	Maurice	
Amiable 	Primo	
Cynical 	Ryan	
Brave 	William	
Frugal 	Jared	
Precise 	Horace	
Dependable 	Ellis	
Honesty 	Edison	
Coward 	Hale	
Faceless 	Neil	
Ingenious 	Haley	
Crusty 	Ingram	
Hateful 	Richard	
Candid 	Max	
Hateful 	Antonio	
Able 	Quintion	
Cozy 	Antony	
Cynical 	Jerry	
Aggressive 	Joyce	
Precise 	Ronald	
Responsible 	Gene	
Crazy 	Elroy	
Orderly 	Kyle	
Lovely 	Webster	
Frank 	Marshall	
Honesty 	Winfred	
Honest 	Webster	
Just 	Toby	
Industrious 	Sam	
Cunning 	Rory	
Discreet 	Ernest	
Humor 	Douglas	
Humorous 	Atwood	
Earnest 	Rod	
Creative 	Marcus	
Brave 	Albert	
Amiable 	Ellis	
Forceful 	Tom	
Loyal 	Eugene	
Brutal 	Mike	
Devoted 	Martin	
Crude 	Archibald	
Rapture 	Julian	
Confident 	Myron	
Generous 	Mark	
Crusty 	Nat	
Crude 	Rachel	
Forceful 	Duke	
Active 	Kelly	
Honesty 	Hobart	
Earnest 	Abel	
Humor 	Tim	
Corrupt 	Hobart	
Jump-up 	Lou	
Intellective 	Max	
Honey 	Gerald	
Dashing 	Tracy	
Nice 	Kennedy	
Cuckoo 	Conrad	
Active 	John	
Modest 	Theodore	
Honey 	Aaron	
Cynical 	Roderick	
Coward 	Marcus	
Competent 	Moses	
Amiable 	Ronald	
Inventive 	Drew	
Cunning 	Jerry	
Coward 	Vincent	
Cruel 	Herman	
Humble 	Sebastian	
Amicable 	York	
Crazy 	Hamiltion	
Hearty 	Willie	
Modest 	Wendell	
Confident 	Joseph	
Careless 	Kenneth	
Responsible 	Milo	
Modest 	Marsh	
Genteel 	Tobias	
Honest 	Stan	
Honesty 	Levi	
Adroit 	Mike	
Hearty 	Porter	
Radient 	Wayne	
Dutiful 	Ryan	
Dashing 	Augus	
Jump-up 	Ogden	
Competent 	Armand	
Able 	Hugh	
Brutal 	Adair	
Nice 	Ziv	
Amicable 	Hubery	
Creative 	Lyndon	
Crude 	Sebastian	
Adroit 	Wilbur	
Dishonest 	Scott	
Forceful 	Wythe	
Friendly 	Hunter	
Ambitious 	Ralap	
Crusty 	Abner	
Realistic 	Xavier	
Evil 	Magee	
Lovely 	Edmund	
Precise 	Enoch	
Charitable 	Kim	
Radient 	Stev	
Crummy 	Norman	
Greedy 	Pete	
Constructive 	Sid	
Adaptable 	Ron	
Cynical 	Maurice	
Helpful 	Magee	
Crude 	Clare	
Cuckoo 	Antony	
Faithful 	Mike	
Helpful 	Perry	
Ingenious 	Roy	
Reasonable 	Clare	
Hearty 	Abner	
Faithful 	Webster	
Faceless 	Joshua	
Qualified 	Ryan	
Beautiful 	Roy	
Precise 	Kyle	
Hearty 	Chapman	
Critical 	Magee	
Candid 	Gerald	
Crummy 	Andy	
Methodical 	Giles	
Helpful 	Harold	
Hateful 	Lyndon	
Trustful 	Miles	
Ambitious 	Myron	
Radient 	Mandel	
Friendly 	Alva	
Blinkered 	Augus	
Practical 	Victor	
Amiable 	Tyler	
Good 	Lionel	
Generous 	Kerwin	
Trustful 	Archer	
Creative 	Samuel	
Capable 	Murray	
Evil 	Louis	
Analytical 	Gene	
Dynamic 	Noel	
Liberal 	Ogden	
Impartial 	Christ	
Able 	Channing	
Charitable 	York	
Impartial 	Dunn	
Honey 	Mike	
Amicable 	Neil	
Responsible 	Yves	
Helpful 	Quintion	
Rapture 	Webster	
Qualified 	Uriah	
Creative 	Abner	
Faceless 	Joyce	
Crude 	Michael	
Ingenious 	Adam	
Capable 	Hogan	
Coward 	Jim	
Crusty 	Harley	
Lovely 	Tiffany	
Rational 	Max	
Audacious 	Hugh	
Capable 	Porter	
Active 	Nick	
Efficient 	Tracy	
Honesty 	Duke	
Generous 	Steward	
Delicious 	Arvin	
Adroit 	Virgil	
Persevering 	Ward	
Realistic 	Evan	
Humble 	Tony	
Analytical 	Yale	
Competent 	Milo	
Hearty 	Lyle	
Generous 	John	
Honey 	Luther	
Rapture 	Frank	
Amiable 	Tracy	
Dishonest 	Dunn	
Faceless 	Rupert	
Helpful 	Hugh	
Realistic 	Egbert	
Clever 	Alfred	
Cynical 	Levi	
Delicious 	Dunn	
Adaptable 	Peter	
Delicious 	Oliver	
Dedicated 	Pete	
Faceless 	Adonis	
Confident 	Jeff	
Brave 	Uriah	
Generous 	Abbott	
Violent 	Woodrow	
Ambitious 	Tyler	
Dynamic 	Payne	
Clever 	Tab	
Crummy 	Morton	
Critical 	Will	
Generous 	Hyman	
Practical 	Hyman	
Lovely 	Uriah	
Coward 	Adolph	
Aggressive 	Saxon	
Rational 	Timothy	
Ingenious 	Ziv	
Intelligent 	Jack	
Precise 	Algernon	
Generous 	Roy	
Gentle 	Cash	
Critical 	Norton	
Motivated 	Newman	
Hearty 	Walker	
Forceful 	Edwiin	
Rational 	Larry	
Objective 	Lynn	
Logical 	Drew	
Learned 	Regan	
Friendly 	Ingram	
Lovely 	Sampson	
Brave 	Nigel	
Beautiful 	Hugo	
Learned 	Ives	
Audacious 	Xavier	
Gentle 	Alger	
Just 	Winston	
Learned 	Murphy	
Frugal 	Elton	
Helpful 	Cash	
Hateful 	Lucien	
Delicious 	Alvin	
Amicable 	Gabriel	
Crusty 	Harvey	
Amiable 	Drew	
Careful 	Todd	
Just 	Nathaniel	
Inventive 	Chasel	
Careful 	Martin	
Adroit 	Patrick	
Frank 	Moore	
Delicious 	Saxon	
Beautiful 	Morgan	
Cruel 	Rory	
Lovely 	George	
Cynical 	Isidore	
Amicable 	Moses	
Adroit 	Gary	
Qualified 	Wade	
Purposeful 	Gene	
Romantic 	Cedric	
Energetic 	Dylan	
Dutiful 	Rod	
Orderly 	Victor	
Generous 	Drew	
Honest 	Ted	
Cozy 	Abel	
Purposeful 	Howar	
Discreet 	Matt	
Inventive 	York	
Critical 	Elton	
Charitable 	Peter	
Nice 	Jo	
Honey 	Julian	
Qualified 	Fitch	
Objective 	Philip	
Frank 	Edward	
Crummy 	Arlen	
Intelligent 	Neil	
Forceful 	Nathan	
Adroit 	Norton	
Gentle 	Arnold	
Coward 	Elroy	
Honey 	Eugene	
Coward 	Adair	
Corrupt 	Peter	
Liberal 	Clarence	
Active 	Simon	
Hearty 	Kelly	
Honest 	Omar	
Evil 	Haley	
Lovely 	Harley	
Lovely 	Xavier	
Earnest 	Roderick	
Trustful 	Luther	
Objective 	Sam	
Devoted 	Lou	
Active 	Allen	
Crude 	Jared	
Brave 	Myron	
Honest 	Quintion	
Crusty 	Angelo	
Audacious 	Alger	
Energetic 	Clark	
Cynical 	Donahue	
Lovely 	Aaron	
Lovely 	Emmanuel	
Rapture 	William	
Trustful 	Wendell	
Aspiring 	Harold	
Brutal 	Philip	
Brave 	Hugh	
Qualified 	Amos	
Confident 	Yehudi	
Cuckoo 	Giles	
Ambitious 	Hubery	
Dependable 	Wythe	
Adaptable 	Alfred	
Cynical 	Peter	
Modest 	Eden	
Adaptable 	Drew	
Ingenious 	Sandy	
Logical 	Claude	
Crude 	Vivian	
Learned 	Hardy	
Honest 	Rex	
Hateful 	Ternence	
Earnest 	Antony	
Alert 	Joyce	
Dependable 	Aaron	
Humor 	Primo	
Confident 	Miles	
Expressive 	Kim	
Ambitious 	Ahern	
Delicious 	Hugh	
Forceful 	Rex	
Capable 	John	
Careful 	Lynn	
Coward 	Ives	
Analytical 	Mick	
Hateful 	Jerome	
Devoted 	Payne	
Adroit 	Harriet	
Dishonest 	Vivian	
Gentle 	Dwight	
Cruel 	Humphrey	
Inventive 	Jack	
Lovely 	Nicholas	
Qualified 	Sandy	
Modest 	Clark	
Greedy 	August	
Cynical 	Tony	
Amiable 	Yehudi	
Honest 	Colbert	
Friendly 	Parker	
Diplomatic 	Felix	
Forceful 	Amos	
Cozy 	Tony	
Critical 	Vito	
Humble 	Arlen	
Cozy 	Stev	
Crazy 	Leonard	
Original 	Ted	
Punctual 	Arnold	
Amiable 	Aubrey	
Capable 	Clare	
Active 	Ed	
Punctual 	Edwiin	
Devoted 	Woodrow	
Faceless 	Elmer	
Frugal 	Dylan	
Humor 	Harold	
Precise 	Warner	
Hearty 	Sean	
Genteel 	Noel	
Rational 	Kelly	
Creative 	Lester	
Expressive 	Marsh	
Hearty 	Phil	
Friendly 	Jeff	
Persevering 	Hugh	
Painstaking 	Andy	
Honest 	Justin	
Brave 	Hamiltion	
Ambitious 	Rodney	
Devoted 	Ken	
Radient 	Colin	
Brave 	Reg	
Just 	Adolph	
Adaptable 	Lewis	
Crummy 	Les	
Aspiring 	Marlon	
Devoted 	Timothy	
Aspiring 	Jim	
Hearty 	Aubrey	
Generous 	Ivan	
Reasonable 	Toby	
Active 	Armand	
Creative 	Victor	
Greedy 	Ken	
Cuckoo 	Joshua	
Expressive 	Payne	
Humor 	Armand	
Coward 	Jack	
Amiable 	Everley	
Adroit 	Hugo	
Trustful 	Levi	
Nice 	Richard	
Capable 	Gerald	
Violent 	Jeremy	
Forceful 	Max	
Learned 	Robin	
Methodical 	Adair	
Trustful 	Edison	
Cynical 	Yehudi	
Methodical 	Wythe	
Punctual 	Pete	
Able 	Stev	
Nice 	Vic	
Hearty 	Samuel	
Dynamic 	Adam	
Independent 	Cash	
Clever 	Joyce	
Good 	Ivan	
Ingenious 	Wright	
Gentle 	Kyle	
Radient 	Taylor	
Ingenious 	Kerr	
Able 	Maurice	
Forceful 	Webb	
Orderly 	Scott	
Clever 	Spencer	
Clever 	Elvis	
Aspiring 	Taylor	
Crazy 	Kevin	
Generous 	Giles	
Lovely 	Morton	
Methodical 	Hogan	
Precise 	Cedric	
Qualified 	Toby	
Adroit 	Quincy	
Adaptable 	Archer	
Generous 	Merlin	
Lovely 	Paddy	
Capable 	Edgar	
Careful 	Lyle	
Dynamic 	Ziv	
Ambitious 	York	
Crazy 	Leopold	
Discreet 	Tom	
Loyal 	Maximilian	
Friendly 	Walter	
Realistic 	John	
Rational 	Herman	
Genteel 	Sandy	
Objective 	Marcus	
Corrupt 	Hugh	
Crummy 	Wythe	
Able 	Tobias	
Clever 	Gilbert	
Able 	Ed	
Hospitable 	Todd	
Helpful 	Alger	
Greedy 	William	
Dynamic 	Maurice	
Cooperative 	John	
Frugal 	Gerald	
Dependable 	Verne	
Hearty 	Armand	
Evil 	Donahue	
Active 	Marcus	
Violent 	Jerry	
Alert 	Hiram	
Romantic 	Fabian	
Cozy 	Andy	
Honest 	Vivian	
Adroit 	Edward	
Precise 	Maxwell	
Modest 	Tyrone	
Methodical 	Mike	
Rapture 	Warner	
Amiable 	Ted	
Practical 	Vic	
Good 	Isidore	
Hearty 	Merle	
Confident 	Noel	
Loyal 	Marlon	
Amicable 	Harley	
Alert 	Taylor	
Cuckoo 	Ansel	
Delicious 	Hogan	
Alert 	Phil	
Aspiring 	Morton	
Inventive 	Norton	
Evil 	Amos	
Adroit 	Newman	
Able 	Nathaniel	
Radient 	Elliot	
Crusty 	King	
Amiable 	Paul	
Just 	Gene	
Beautiful 	Luther	
Energetic 	Ed	
Alert 	Len	
Competent 	Hogan	
Logical 	Alva	
Radient 	Sid	
Just 	Orville	
Painstaking 	Ward	
Generous 	Arnold	
Hearty 	Peter	
Rational 	Hiram	
Dependable 	Primo	
Adaptable 	Verne	
Audacious 	Kim	
Generous 	Wendell	
Frank 	Xavier	
Humor 	Eugene	
Trustful 	Lyndon	
Inventive 	Sidney	
Ambitious 	Ira	
Audacious 	Hogan	
Dishonest 	Will	
Dashing 	Jerry	
Rational 	Alva	
Competent 	Felix	
Aspiring 	Edison	
Honesty 	Kerr	
Practical 	Monroe	
Faceless 	Tom	
Able 	Gene	
Alert 	Harlan	
Discreet 	Wythe	
Hospitable 	Isaac	
Greedy 	Dunn	
Active 	Kennedy	
Honey 	Lawrence	
Cynical 	Harvey	
Hateful 	Mick	
Frank 	Clare	
Loyal 	Evan	
Brutal 	Will	
Romantic 	Colin	
Faithful 	Xavier	
Cruel 	Sidon	
Trustful 	Quennel	
Crappy 	Ron	
Corrupt 	Lyle	
Creative 	Aldrich	
Dashing 	Donald	
Hateful 	York	
Just 	Truman	
Clever 	Troy	
Methodical 	Earl	
Hearty 	Sebastian	
Cunning 	Maxwell	
Blinkered 	Jonas	
Dashing 	Gale	
Coward 	Thomas	
Violent 	Leopold	
Dashing 	Ingram	
Confident 	Joyce	
Adroit 	Scott	
Independent 	Abel	
Precise 	Truman	
Discreet 	Taylor	
Clever 	Kevin	
Logical 	Rex	
Crude 	George	
Crummy 	Kim	
Amiable 	Lawrence	
Reasonable 	Tim	
Brave 	Gary	
Cruel 	Edward	
Corrupt 	Vincent	
Crude 	Hamiltion	
Methodical 	Jeff	
Helpful 	Ziv	
Evil 	Merlin	
Clever 	Elton	
Honest 	Joseph	
Crusty 	Wendell	
Humble 	Lou	
Careless 	Elvis	
Devoted 	Jacob	
Modest 	Ward	
Devoted 	Jared	
Humor 	Cliff	
Painstaking 	Leif	
Romantic 	King	
Cozy 	Louis	
Precise 	Rupert	
Dashing 	Abner	
Analytical 	Sam	
Cuckoo 	Miles	
Hearty 	Elvis	
Delicious 	Quinn	
Crusty 	Dylan	
Punctual 	Alva	
Diplomatic 	Upton	
Impartial 	Leif	
Adaptable 	Marsh	
Devoted 	Albert	
Coward 	Winfred	
Painstaking 	Hugo	
Cuckoo 	William	
Alert 	Eli	
Crude 	Kerr	
Analytical 	Kevin	
Amiable 	Thomas	
Dashing 	Harlan	
Competent 	Herman	
Dashing 	Mark	
Brutal 	Alva	
Humble 	Sidon	
Cozy 	Sam	
Radient 	Hobart	
Just 	Cedric	
Adaptable 	Harlan	
Crazy 	Marsh	
Learned 	Tracy	
Evil 	Ryan	
Radient 	Alvin	
Crappy 	Rock	
Lovely 	Rory	
Forceful 	Leif	
Responsible 	Ziv	
Forceful 	Charles	
Audacious 	Matt	
Energetic 	Walter	
Crude 	Rupert	
Brutal 	Ingram	
Crazy 	Geoff	
Dashing 	Virgil	
Honest 	Edgar	
Crusty 	Julian	
Jump-up 	Mick	
Hearty 	Ogden	
Hearty 	Enoch	
Candid 	Parker	
Dutiful 	Jack	
Cunning 	Webb	
Careful 	Antony	
Gentle 	Abbott	
Responsible 	Omar	
Crude 	Porter	
Friendly 	Raymond	
